time, pressure_max((64,64)(191,191))
9.00087e-07, 102337
1.80011e-06, 102336
2.70008e-06, 102335
3.59999e-06, 102333
4.49983e-06, 102331
5.39962e-06, 102328
6.29935e-06, 102325
7.19902e-06, 102322
8.09863e-06, 102317
8.99819e-06, 102313
9.89769e-06, 102308
1.07971e-05, 102302
1.16965e-05, 102296
1.25958e-05, 102290
1.34951e-05, 102283
1.43943e-05, 102275
1.52935e-05, 102268
1.61926e-05, 102259
1.70917e-05, 102251
1.79907e-05, 102242
1.88897e-05, 102232
1.97886e-05, 102223
2.06875e-05, 102212
2.15863e-05, 102202
2.24851e-05, 102191
2.33838e-05, 102180
2.42825e-05, 102168
2.51812e-05, 102156
2.60798e-05, 102144
2.69783e-05, 102131
2.78769e-05, 102118
2.87754e-05, 102105
2.96738e-05, 102092
3.05722e-05, 102078
3.14706e-05, 102064
3.2369e-05, 102050
3.32673e-05, 102035
3.41656e-05, 102021
3.50638e-05, 102006
3.5962e-05, 101991
3.68602e-05, 101976
3.77584e-05, 101960
3.86565e-05, 101945
3.95547e-05, 101929
4.04527e-05, 101914
4.13508e-05, 101898
4.22489e-05, 101882
4.31469e-05, 101866
4.40449e-05, 101850
4.49429e-05, 101833
4.58409e-05, 101817
4.67388e-05, 101801
4.76367e-05, 101785
4.85347e-05, 101768
4.94326e-05, 101753
5.03305e-05, 101738
5.12284e-05, 101726
5.21262e-05, 101714
5.30241e-05, 101704
5.3922e-05, 101694
5.48198e-05, 101686
5.57176e-05, 101678
5.66155e-05, 101670
5.75133e-05, 101664
5.84111e-05, 101658
5.93089e-05, 101652
6.02068e-05, 101647
6.11046e-05, 101642
6.20024e-05, 101638
6.29002e-05, 101634
6.3798e-05, 101630
6.46958e-05, 101626
6.55936e-05, 101623
6.64914e-05, 101620
6.73892e-05, 101617
6.8287e-05, 101614
6.91848e-05, 101612
7.00826e-05, 101609
7.09804e-05, 101607
7.18782e-05, 101605
7.2776e-05, 101603
7.36738e-05, 101601
7.45716e-05, 101599
7.54694e-05, 101597
7.63673e-05, 101596
7.72651e-05, 101594
7.81629e-05, 101592
7.90607e-05, 101591
7.99586e-05, 101589
8.08564e-05, 101588
8.17543e-05, 101587
8.26521e-05, 101585
8.355e-05, 101584
8.44478e-05, 101583
8.53457e-05, 101582
8.62436e-05, 101581
8.71414e-05, 101580
8.80393e-05, 101579
8.89372e-05, 101578
8.98351e-05, 101577
9.0733e-05, 101576
9.16309e-05, 101575
9.25288e-05, 101574
9.34267e-05, 101573
9.43246e-05, 101572
9.52226e-05, 101571
9.61205e-05, 101570
9.70184e-05, 101569
9.79164e-05, 101568
9.88143e-05, 101568
9.97123e-05, 101567
0.00010061, 101566
0.000101508, 101565
0.000102406, 101564
0.000103304, 101564
0.000104202, 101563
0.0001051, 101562
0.000105998, 101561
0.000106896, 101561
0.000107794, 101560
0.000108692, 101559
0.00010959, 101559
0.000110488, 101558
0.000111386, 101557
0.000112284, 101556
0.000113182, 101556
0.00011408, 101555
0.000114978, 101554
0.000115876, 101554
0.000116774, 101553
0.000117673, 101553
0.000118571, 101552
0.000119469, 101551
0.000120367, 101551
0.000121265, 101550
0.000122163, 101549
0.000123061, 101549
0.000123959, 101548
0.000124857, 101548
0.000125755, 101547
0.000126653, 101546
0.000127552, 101546
0.00012845, 101545
0.000129348, 101545
0.000130246, 101544
0.000131144, 101543
0.000132042, 101543
0.000132941, 101542
0.000133839, 101542
0.000134737, 101541
0.000135635, 101541
0.000136533, 101540
0.000137431, 101540
0.00013833, 101539
0.000139228, 101539
0.000140126, 101538
0.000141024, 101538
0.000141922, 101537
0.000142821, 101536
0.000143719, 101536
0.000144617, 101535
0.000145515, 101535
0.000146414, 101534
0.000147312, 101534
0.00014821, 101533
0.000149108, 101533
0.000150007, 101533
0.000150905, 101532
0.000151803, 101532
0.000152701, 101531
0.0001536, 101531
0.000154498, 101530
0.000155396, 101530
0.000156295, 101529
0.000157193, 101529
0.000158091, 101528
0.000158989, 101528
0.000159888, 101527
0.000160786, 101527
0.000161684, 101527
0.000162583, 101526
0.000163481, 101526
0.000164379, 101525
0.000165278, 101525
0.000166176, 101524
0.000167075, 101524
0.000167973, 101523
0.000168871, 101523
0.00016977, 101523
0.000170668, 101522
0.000171566, 101522
0.000172465, 101521
0.000173363, 101521
0.000174261, 101521
0.00017516, 101520
0.000176058, 101520
0.000176957, 101519
0.000177855, 101519
0.000178754, 101519
0.000179652, 101518
0.00018055, 101518
0.000181449, 101517
0.000182347, 101517
0.000183246, 101517
0.000184144, 101516
0.000185043, 101516
0.000185941, 101516
0.000186839, 101515
0.000187738, 101515
0.000188636, 101514
0.000189535, 101514
0.000190433, 101514
0.000191332, 101513
0.00019223, 101513
0.000193129, 101513
0.000194027, 101512
0.000194926, 101512
0.000195824, 101512
0.000196723, 101511
0.000197621, 101511
0.00019852, 101511
0.000199418, 101510
0.000200317, 101510
0.000201215, 101510
0.000202114, 101509
0.000203012, 101509
0.000203911, 101509
0.000204809, 101508
0.000205708, 101508
0.000206606, 101508
0.000207505, 101507
0.000208403, 101507
0.000209302, 101507
0.0002102, 101506
0.000211099, 101506
0.000211997, 101506
0.000212896, 101505
0.000213795, 101505
0.000214693, 101505
0.000215592, 101504
0.00021649, 101504
0.000217389, 101504
0.000218287, 101503
0.000219186, 101503
0.000220085, 101503
0.000220983, 101503
0.000221882, 101502
0.00022278, 101502
0.000223679, 101502
0.000224578, 101501
0.000225476, 101501
0.000226375, 101501
0.000227273, 101500
0.000228172, 101500
0.000229071, 101500
0.000229969, 101500
0.000230868, 101499
0.000231766, 101499
0.000232665, 101499
0.000233564, 101498
0.000234462, 101498
0.000235361, 101498
0.00023626, 101498
0.000237158, 101497
0.000238057, 101497
0.000238955, 101497
0.000239854, 101497
0.000240753, 101496
0.000241651, 101496
0.00024255, 101496
0.000243449, 101495
0.000244347, 101495
0.000245246, 101495
0.000246145, 101495
0.000247043, 101494
0.000247942, 101494
0.000248841, 101494
0.000249739, 101494
0.000250638, 101493
0.000251537, 101493
0.000252435, 101493
0.000253334, 101493
0.000254233, 101492
0.000255132, 101492
0.00025603, 101492
0.000256929, 101492
0.000257828, 101491
0.000258726, 101491
0.000259625, 101491
0.000260524, 101491
0.000261422, 101490
0.000262321, 101490
0.00026322, 101490
0.000264119, 101490
0.000265017, 101489
0.000265916, 101489
0.000266815, 101489
0.000267713, 101489
0.000268612, 101488
0.000269511, 101488
0.00027041, 101488
0.000271308, 101488
0.000272207, 101488
0.000273106, 101487
0.000274005, 101487
0.000274903, 101487
0.000275802, 101487
0.000276701, 101486
0.0002776, 101486
0.000278498, 101486
0.000279397, 101486
0.000280296, 101485
0.000281195, 101485
0.000282093, 101485
0.000282992, 101485
0.000283891, 101485
0.00028479, 101484
0.000285688, 101484
0.000286587, 101484
0.000287486, 101484
0.000288385, 101484
0.000289284, 101483
0.000290182, 101483
0.000291081, 101483
0.00029198, 101483
0.000292879, 101482
0.000293777, 101482
0.000294676, 101482
0.000295575, 101482
0.000296474, 101481
0.000297373, 101481
0.000298271, 101480
0.00029917, 101480
0.000300069, 101479
0.000300968, 101478
0.000301867, 101478
0.000302765, 101477
0.000303664, 101476
0.000304563, 101475
0.000305462, 101474
0.000306361, 101473
0.000307259, 101472
0.000308158, 101471
0.000309057, 101470
0.000309956, 101468
0.000310855, 101467
0.000311754, 101466
0.000312652, 101464
0.000313551, 101463
0.00031445, 101461
0.000315349, 101459
0.000316248, 101458
0.000317147, 101456
0.000318045, 101454
0.000318944, 101452
0.000319843, 101450
0.000320742, 101449
0.000321641, 101447
0.00032254, 101445
0.000323439, 101443
0.000324337, 101440
0.000325236, 101438
0.000326135, 101436
0.000327034, 101434
0.000327933, 101432
0.000328832, 101429
0.000329731, 101427
0.000330629, 101425
0.000331528, 101422
0.000332427, 101420
0.000333326, 101417
0.000334225, 101415
0.000335124, 101412
0.000336023, 101410
0.000336921, 101407
0.00033782, 101405
0.000338719, 101402
0.000339618, 101400
0.000340517, 101397
0.000341416, 101394
0.000342315, 101392
0.000343214, 101389
0.000344113, 101386
0.000345011, 101384
0.00034591, 101381
0.000346809, 101378
0.000347708, 101376
0.000348607, 101373
0.000349506, 101370
0.000350405, 101368
0.000351304, 101365
0.000352203, 101362
0.000353102, 101360
0.000354, 101357
0.000354899, 101354
0.000355798, 101352
0.000356697, 101349
0.000357596, 101346
0.000358495, 101344
0.000359394, 101341
0.000360293, 101339
0.000361192, 101336
0.000362091, 101333
0.00036299, 101331
0.000363888, 101328
0.000364787, 101326
0.000365686, 101324
0.000366585, 101321
0.000367484, 101319
0.000368383, 101316
0.000369282, 101314
0.000370181, 101312
0.00037108, 101310
0.000371979, 101307
0.000372878, 101305
0.000373777, 101303
0.000374676, 101301
0.000375575, 101299
0.000376474, 101299
0.000377372, 101300
0.000378271, 101300
0.00037917, 101300
0.000380069, 101300
0.000380968, 101300
0.000381867, 101300
0.000382766, 101300
0.000383665, 101300
0.000384564, 101301
0.000385463, 101301
0.000386362, 101301
0.000387261, 101301
0.00038816, 101301
0.000389059, 101301
0.000389958, 101301
0.000390857, 101301
0.000391756, 101302
0.000392655, 101302
0.000393554, 101302
0.000394453, 101302
0.000395352, 101302
0.000396251, 101302
0.00039715, 101302
0.000398049, 101302
0.000398948, 101302
0.000399847, 101303
0.000400746, 101303
0.000401645, 101303
0.000402544, 101303
0.000403443, 101303
0.000404342, 101303
0.000405241, 101303
0.00040614, 101303
0.000407039, 101303
0.000407938, 101304
0.000408837, 101304
0.000409736, 101304
0.000410635, 101304
0.000411534, 101304
0.000412433, 101304
0.000413332, 101304
0.000414231, 101304
0.00041513, 101304
0.000416029, 101304
0.000416928, 101304
0.000417827, 101305
0.000418726, 101305
0.000419625, 101305
0.000420524, 101305
0.000421423, 101305
0.000422322, 101305
0.000423221, 101305
0.00042412, 101305
0.000425019, 101305
0.000425918, 101305
0.000426817, 101305
0.000427716, 101306
0.000428615, 101306
0.000429514, 101306
0.000430413, 101306
0.000431312, 101306
0.000432211, 101306
0.00043311, 101306
0.000434009, 101306
0.000434908, 101306
0.000435807, 101306
0.000436706, 101306
0.000437605, 101306
0.000438505, 101307
0.000439404, 101307
0.000440303, 101307
0.000441202, 101307
0.000442101, 101307
0.000443, 101307
0.000443899, 101307
0.000444798, 101307
0.000445697, 101307
0.000446596, 101307
0.000447495, 101307
0.000448394, 101307
0.000449293, 101307
0.000450192, 101308
0.000451091, 101308
0.000451991, 101308
0.00045289, 101308
0.000453789, 101308
0.000454688, 101308
0.000455587, 101308
0.000456486, 101308
0.000457385, 101308
0.000458284, 101308
0.000459183, 101308
0.000460082, 101308
0.000460982, 101308
0.000461881, 101308
0.00046278, 101309
0.000463679, 101309
0.000464578, 101309
0.000465477, 101309
0.000466376, 101309
0.000467275, 101309
0.000468174, 101309
0.000469074, 101309
0.000469973, 101309
0.000470872, 101309
0.000471771, 101309
0.00047267, 101309
0.000473569, 101309
0.000474468, 101309
0.000475367, 101309
0.000476267, 101310
0.000477166, 101310
0.000478065, 101310
0.000478964, 101310
0.000479863, 101310
0.000480762, 101310
0.000481661, 101310
0.00048256, 101310
0.00048346, 101310
0.000484359, 101310
0.000485258, 101310
0.000486157, 101310
0.000487056, 101310
0.000487955, 101310
0.000488855, 101310
0.000489754, 101310
0.000490653, 101310
0.000491552, 101311
0.000492451, 101311
0.00049335, 101311
0.000494249, 101311
0.000495149, 101311
0.000496048, 101311
0.000496947, 101311
0.000497846, 101311
0.000498745, 101311
0.000499645, 101311
0.000500544, 101311
0.000501443, 101311
0.000502342, 101311
0.000503241, 101311
0.00050414, 101311
0.00050504, 101311
0.000505939, 101311
0.000506838, 101311
0.000507737, 101311
0.000508636, 101312
0.000509536, 101312
0.000510435, 101312
0.000511334, 101312
0.000512233, 101312
0.000513132, 101312
0.000514031, 101312
0.000514931, 101312
0.00051583, 101312
0.000516729, 101312
0.000517628, 101312
0.000518528, 101312
0.000519427, 101312
0.000520326, 101312
0.000521225, 101312
0.000522124, 101312
0.000523024, 101312
0.000523923, 101312
0.000524822, 101312
0.000525721, 101312
0.00052662, 101312
0.00052752, 101312
0.000528419, 101313
0.000529318, 101313
0.000530217, 101313
0.000531117, 101313
0.000532016, 101313
0.000532915, 101313
0.000533814, 101313
0.000534713, 101313
0.000535613, 101313
0.000536512, 101313
0.000537411, 101313
0.00053831, 101313
0.00053921, 101313
0.000540109, 101313
0.000541008, 101313
0.000541907, 101313
0.000542807, 101313
0.000543706, 101313
0.000544605, 101313
0.000545504, 101313
0.000546404, 101313
0.000547303, 101313
0.000548202, 101313
0.000549101, 101313
0.000550001, 101314
0.0005509, 101314
0.000551799, 101314
0.000552698, 101314
0.000553598, 101314
0.000554497, 101314
0.000555396, 101314
0.000556295, 101314
0.000557195, 101314
0.000558094, 101314
0.000558993, 101314
0.000559893, 101314
0.000560792, 101314
0.000561691, 101314
0.00056259, 101314
0.00056349, 101314
0.000564389, 101314
0.000565288, 101314
0.000566187, 101314
0.000567087, 101314
0.000567986, 101314
0.000568885, 101314
0.000569785, 101314
0.000570684, 101314
0.000571583, 101314
0.000572483, 101314
0.000573382, 101314
0.000574281, 101315
0.00057518, 101315
0.00057608, 101315
0.000576979, 101315
0.000577878, 101315
0.000578778, 101315
0.000579677, 101315
0.000580576, 101315
0.000581476, 101315
0.000582375, 101315
0.000583274, 101315
0.000584174, 101315
0.000585073, 101315
0.000585972, 101315
0.000586872, 101315
0.000587771, 101315
0.00058867, 101315
0.00058957, 101315
0.000590469, 101315
0.000591368, 101315
0.000592268, 101315
0.000593167, 101315
0.000594067, 101315
0.000594966, 101315
0.000595865, 101315
0.000596765, 101315
0.000597664, 101315
0.000598563, 101315
0.000599463, 101315
0.0006, 101315
