Time (s),Temperature (K)
5.050407828577793e-12,999.9999999999995
2.7005147582253244e-08,999.9999999975857
1.198092960528118e-07,999.9999999893196
2.1261344452337032e-07,999.999999981096
3.0541759299392883e-07,999.9999999729208
3.982217414644874e-07,999.9999999647974
4.91025889935046e-07,999.9999999567283
6.61908520246575e-07,999.9999999420185
8.327911505581039e-07,999.9999999275066
1.003673780869633e-06,999.999999913199
1.349569572979316e-06,999.9999998848817
1.6954653650889988e-06,999.9999998574539
2.0413611571986814e-06,999.9999998309424
2.387256949308364e-06,999.9999998053719
2.7331527414180467e-06,999.9999997807674
3.0790485335277293e-06,999.9999997571555
3.424944325637412e-06,999.9999997345634
4.042406690870347e-06,999.9999996968598
4.659869056103281e-06,999.9999996626663
5.277331421336215e-06,999.9999996321598
5.894793786569149e-06,999.9999996055273
6.848359236966521e-06,999.9999995724708
7.801924687363892e-06,999.9999995499041
8.755490137761264e-06,999.999999538666
9.709055588158637e-06,999.9999995396622
1.0662621038556009e-05,999.9999995538712
1.1616186488953381e-05,999.9999995823504
1.2569751939350754e-05,999.9999996262417
1.4125814200206596e-05,999.9999997342107
1.568187646106244e-05,999.9999998924859
1.7237938721918284e-05,1000.0000001077944
1.8794000982774127e-05,1000.0000003877651
2.035006324362997e-05,1000.0000007410545
2.1906125504485815e-05,1000.0000011774808
2.346218776534166e-05,1000.0000017081744
2.5018250026197503e-05,1000.000002345752
2.6574312287053347e-05,1000.0000031045191
2.813037454790919e-05,1000.000004000697
2.9686436808765035e-05,1000.0000050526788
3.124249906962088e-05,1000.0000062813191
3.279856133047672e-05,1000.0000077102636
3.4354623591332567e-05,1000.0000093663228
3.591068585218841e-05,1000.0000112798965
3.7466748113044254e-05,1000.0000134854531
3.90228103739001e-05,1000.0000160220752
4.057887263475594e-05,1000.0000189340768
4.2134934895611786e-05,1000.0000222717036
4.369099715646763e-05,1000.0000260919278
4.5247059417323474e-05,1000.0000304593478
4.680312167817932e-05,1000.0000354472103
4.835918393903516e-05,1000.0000411385674
4.9915246199891006e-05,1000.0000476275903
5.147130846074685e-05,1000.0000550210583
5.3027370721602693e-05,1000.000063440047
5.458343298245854e-05,1000.000073021844
5.57271296753573e-05,1000.000080895512
5.687082636825607e-05,1000.0000895498656
5.801452306115483e-05,1000.0000990604461
5.9158219754053596e-05,1000.0001095100977
6.030191644695236e-05,1000.0001209896752
6.144561313985113e-05,1000.0001335988287
6.258930983274989e-05,1000.0001474468577
6.373300652564865e-05,1000.0001626536435
6.487670321854742e-05,1000.0001793506727
6.602039991144618e-05,1000.0001976821619
6.716409660434495e-05,1000.0002178062928
6.830779329724371e-05,1000.0002398965671
6.945148999014248e-05,1000.0002641432917
7.059518668304124e-05,1000.0002907552085
7.173888337594001e-05,1000.0003199612836
7.288258006883877e-05,1000.0003520126702
7.402627676173754e-05,1000.0003871848636
7.51699734546363e-05,1000.0004257800654
7.631367014753507e-05,1000.0004681297788
7.745736684043383e-05,1000.0005145976579
7.829681936476362e-05,1000.0005515547231
7.91362718890934e-05,1000.0005911153133
7.997572441342319e-05,1000.0006334623087
8.081517693775297e-05,1000.0006787914492
8.165462946208276e-05,1000.0007273122462
8.249408198641255e-05,1000.0007792489633
8.333353451074233e-05,1000.0008348416638
8.417298703507212e-05,1000.0008943473254
8.50124395594019e-05,1000.0009580410352
8.585189208373169e-05,1000.0010262172741
8.669134460806147e-05,1000.001099191293
8.753079713239126e-05,1000.0011773005874
8.837024965672105e-05,1000.0012609064773
8.920970218105083e-05,1000.0013503958003
9.004915470538062e-05,1000.0014461827277
9.08886072297104e-05,1000.0015487107123
9.172805975404019e-05,1000.0016584545763
9.256751227836998e-05,1000.0017759227509
9.340696480269976e-05,1000.0019016596792
9.424641732702955e-05,1000.002036248394
9.508586985135933e-05,1000.0021803132836
9.592532237568912e-05,1000.0023345230614
9.67647749000189e-05,1000.002499593953
9.760422742434869e-05,1000.0026762931178
9.844367994867848e-05,1000.0028654423254
9.928313247300826e-05,1000.0030679219034
0.00010012258499733805,1000.0032846749793
0.00010096203752166783,1000.0035167120417
0.00010180149004599762,1000.003765115841
0.0001026409425703274,1000.0040310466624
0.00010348039509465719,1000.0043157479968
0.00010431984761898698,1000.0046205526448
0.00010493865069020764,1000.004858941872
0.0001055574537614283,1000.0051096369982
0.00010617625683264896,1000.0053732778262
0.00010679505990386962,1000.0056505379091
0.00010741386297509028,1000.0059421263874
0.00010803266604631094,1000.0062487899414
0.0001086514691175316,1000.0065713148479
0.00010927027218875227,1000.0069105291436
0.00010988907525997293,1000.007267304917
0.00011050787833119359,1000.0076425607376
0.00011112668140241425,1000.0080372642299
0.00011174548447363491,1000.0084524347977
0.00011236428754485557,1000.008889146509
0.00011298309061607623,1000.0093485311526
0.0001136018936872969,1000.0098317814798
0.00011422069675851756,1000.0103401546423
0.00011483949982973822,1000.0108749758393
0.00011545830290095888,1000.0114376421872
0.00011607710597217954,1000.0120296268287
0.0001166959090434002,1000.0126524832973
0.00011731471211462086,1000.0133078501547
0.00011793351518584152,1000.0139974559205
0.00011855231825706218,1000.0147231243155
0.00011917112132828284,1000.0154867798398
0.0001197899243995035,1000.0162904537111
0.00012040872747072417,1000.0171362901891
0.00012102753054194483,1000.0180265533144
0.00012164633361316549,1000.0189636340929
0.00012226513668438615,1000.0199500581582
0.0001228839397556068,1000.0209884939499
0.00012350274282682747,1000.0220817614451
0.00012412154589804813,1000.0232328414884
0.0001247403489692688,1000.0244448857636
0.00012535915204048946,1000.0257212274608
0.00012597795511171012,1000.0270653926917
0.00012659675818293078,1000.0284811127135
0.00012721556125415144,1000.0299723370271
0.0001278343643253721,1000.0315432474197
0.00012845316739659276,1000.0331982730306
0.00012907197046781342,1000.0349421065227
0.00012969077353903408,1000.036779721455
0.00013030957661025474,1000.0387163909521
0.0001309283796814754,1000.0407577077851
0.00013154718275269607,1000.0429096059844
0.00013216598582391673,1000.0451783841143
0.0001327847888951374,1000.0475707303526
0.00013340359196635805,1000.0500937495337
0.0001340223950375787,1000.0527549923288
0.00013464119810879937,1000.0555624867529
0.00013526000118002003,1000.0585247722062
0.0001358788042512407,1000.0616509362736
0.00013649760732246136,1000.0649506545374
0.00013711641039368202,1000.0684342336715
0.00013773521346490268,1000.0721126581224
0.00013835401653612334,1000.0759976407029
0.00013881074430798705,1000.0790048535439
0.00013926747207985076,1000.0821366980581
0.00013972419985171447,1000.0853987544646
0.0001401809276235782,1000.0887968817221
0.0001406376553954419,1000.0923372333764
0.0001410943831673056,1000.0960262745209
0.00014155111093916932,1000.0998707997533
0.00014200783871103304,1000.1038779521925
0.00014246456648289675,1000.108055243729
0.00014292129425476046,1000.1124105766377
0.00014337802202662417,1000.1169522666183
0.00014383474979848788,1000.1216890673296
0.0001442914775703516,1000.1266301965189
0.0001447482053422153,1000.1317853638815
0.00014520493311407902,1000.137164800774
0.00014566166088594273,1000.1427792919108
0.00014611838865780644,1000.1486402091721
0.00014657511642967016,1000.1547595476771
0.00014703184420153387,1000.1611499642838
0.00014748857197339758,1000.1678248186835
0.0001479452997452613,1000.17479821728
0.000148402027517125,1000.1820850600416
0.00014885875528898872,1000.1897010905357
0.00014931548306085243,1000.1976629493751
0.00014977221083271614,1000.2059882313124
0.00015022893860457985,1000.2146955462349
0.00015068566637644357,1000.2238045843335
0.00015114239414830728,1000.2333361857384
0.000151599121920171,1000.2433124149313
0.0001520558496920347,1000.2537566402603
0.00015251257746389841,1000.264693618911
0.00015296930523576213,1000.276149587703
0.00015342603300762584,1000.2881523601106
0.00015388276077948955,1000.3007314299256
0.00015433948855135326,1000.3139180820037
0.00015479621632321698,1000.3277455105683
0.0001552529440950807,1000.3422489455608
0.0001557096718669444,1000.3574657875639
0.0001561663996388081,1000.3734357518446
0.00015662312741067182,1000.3902010220903
0.00015707985518253554,1000.4078064144524
0.00015753658295439925,1000.4262995524908
0.00015799331072626296,1000.445731053697
0.00015845003849812667,1000.4661547283112
0.00015890676626999038,1000.4876277910862
0.0001593634940418541,1000.5102110867093
0.0001598202218137178,1000.5339693296363
0.00016027694958558152,1000.5589713591044
0.00016073367735744523,1000.5852904100824
0.00016119040512930895,1000.6130044009142
0.00016164713290117266,1000.6421962384127
0.00016210386067303637,1000.6729541411628
0.00016256058844490008,1000.7053719817743
0.0001630173162167638,1000.7395496487937
0.0001634740439886275,1000.7755934289434
0.00016393077176049122,1000.8136164103105
0.00016438749953235493,1000.8537389070518
0.00016484422730421864,1000.8960889061019
0.00016530095507608235,1000.9408025362899
0.00016575768284794607,1000.9880245601648
0.00016621441061980978,1001.0379088888741
0.0001666711383916735,1001.0906191196223
0.0001670099539120777,1001.1316492672523
0.0001673487694324819,1001.1744047904867
0.0001676875849528861,1001.2189638984348
0.0001680264004732903,1001.2654083532311
0.0001683652159936945,1001.3138236128267
0.0001687040315140987,1001.3642989778726
0.0001690428470345029,1001.41692774155
0.0001693816625549071,1001.4718073422058
0.0001697204780753113,1001.5290395191972
0.0001700592935957155,1001.5887304720717
0.0001703981091161197,1001.6509910228216
0.0001707369246365239,1001.7159367809313
0.0001710757401569281,1001.7836883111335
0.0001714145556773323,1001.8543713039004
0.0001717533711977365,1001.9281167486791
0.0001720921867181407,1002.0050611098507
0.0001724310022385449,1002.0853465054435
0.0001727698177589491,1002.1691208887335
0.0001731086332793533,1002.2565382329552
0.0001734474487997575,1002.3477587194367
0.0001737862643201617,1002.4429489296558
0.0001741250798405659,1002.542282041349
0.0001744638953609701,1002.6459380300594
0.0001748027108813743,1002.7541038765889
0.0001751415264017785,1002.8669737813317
0.0001754803419221827,1002.9847493868
0.0001758191574425869,1003.1076400100012
0.0001761579729629911,1003.2358628859176
0.0001764967884833953,1003.3696434248267
0.0001768356040037995,1003.5092154851524
0.0001771744195242037,1003.6548216642897
0.0001775132350446079,1003.8067136102458
0.0001778520505650121,1003.9651523572281
0.0001781908660854163,1004.1304086884674
0.0001785296816058205,1004.3027635297426
0.0001788684971262247,1004.4825083773093
0.0001792073126466289,1004.6699457641587
0.0001795461281670331,1004.8653897687096
0.0001798849436874373,1005.0691665701203
0.0001802237592078415,1005.2816150544468
0.0001805625747282457,1005.5030874754883
0.0001809013902486499,1005.7339501759242
0.0001812402057690541,1005.9745843718873
0.0001815790212894583,1006.2253870029937
0.0001819178368098625,1006.4867716544504
0.0001822566523302667,1006.7591695542756
0.0001825954678506709,1007.0430306487312
0.0001829342833710751,1007.3388247584345
0.0001832730988914793,1007.6470428180894
0.0001836119144118835,1007.9681982027839
0.0001839507299322877,1008.3028281437067
0.0001842895454526919,1008.6514952358633
0.0001846283609730961,1009.0147890404266
0.0001849671764935003,1009.3933277847208
0.0001853059920139045,1009.7877601634624
0.0001856448075343087,1010.1987672455928
0.0001859836230547129,1010.6270644918974
0.0001862344714510111,1010.9557427456909
0.00018648531984730927,1011.2946286919639
0.00018673616824360745,1011.6440532818916
0.00018698701663990563,1012.0043601934245
0.0001872378650362038,1012.3759064092477
0.000187488713432502,1012.7590628231962
0.00018773956182880017,1013.1542148726139
0.00018799041022509835,1013.5617631993287
0.00018824125862139653,1013.9821243441511
0.0001884921070176947,1014.4157314782973
0.0001887429554139929,1014.8630351736128
0.00018899380381029107,1015.324504213938
0.00018924465220658925,1015.800626451232
0.00018949550060288743,1016.2919097106658
0.0001897463489991856,1016.7988827487877
0.0001899971973954838,1017.3220962689142
0.00019024804579178197,1017.8621239980189
0.00019049889418808015,1018.419563830659
0.00019074974258437833,1018.9950390451044
0.0001910005909806765,1019.5891995975652
0.0001912514393769747,1020.2027235007201
0.00019150228777327287,1020.8363182933535
0.00019175313616957105,1021.4907226084737
0.00019200398456586923,1022.1667078476878
0.00019225483296216741,1022.8650799706097
0.0001925056813584656,1023.5866814084707
0.00019275652975476377,1024.3323931122368
0.00019300737815106195,1025.103136746246
0.00019325822654736013,1025.8998770395801
0.00019350907494365831,1026.7236243084283
0.0001937599233399565,1027.5754371641422
0.00019401077173625467,1028.4564254230224
0.00019426162013255286,1029.3677532356166
0.00019451246852885104,1030.3106424550253
0.00019469767609902434,1031.0278037245582
0.00019488288366919764,1031.7634070761655
0.00019506809123937094,1032.5180119072343
0.00019525329880954424,1033.2921988760927
0.00019543850637971754,1034.0865709313796
0.00019562371394989085,1034.901754409591
0.00019580892152006415,1035.7384001937826
0.00019599412909023745,1036.5971849378
0.00019617933666041075,1037.4788123661501
0.00019636454423058405,1038.384014658008
0.00019654975180075735,1039.3135539195073
0.00019673495937093066,1040.268223749441
0.00019692016694110396,1041.2488509048367
0.00019710537451127726,1042.2562970758333
0.00019729058208145056,1043.291460777603
0.00019747578965162386,1044.3552793693964
0.00019766099722179717,1045.4487312096958
0.00019784620479197047,1046.572837958567
0.00019803141236214377,1047.728667039
0.00019821661993231707,1048.9173342710283
0.00019840182750249037,1050.1400066922165
0.00019858703507266367,1051.397905579734
0.00019877224264283698,1052.6923096919616
0.00019895745021301028,1054.0245587482789
0.00019914265778318358,1055.39605716721
0.00019932786535335688,1056.808278085469
0.00019951307292353018,1058.2627676829543
0.00019969828049370348,1059.7611498411638
0.00019988348806387679,1061.305131165121
0.0002000686956340501,1062.896506401983
0.0002002051226858979,1064.1001523513441
0.00020034154973774573,1065.331326627519
0.00020047797678959356,1066.5908496663264
0.00020061440384144138,1067.8795744394783
0.0002007508308932892,1069.1983881077174
0.00020088725794513703,1070.5482137861193
0.00020102368499698485,1071.9300124103333
0.00020116011204883267,1073.3447847105144
0.0002012965391006805,1074.7935733100712
0.00020143296615252832,1076.277464962639
0.00020156939320437614,1077.7975929346196
0.00020170582025622397,1079.3551395407937
0.0002018422473080718,1080.9513388445787
0.00020197867435991961,1082.587479535744
0.00020211510141176744,1084.2649080016022
0.00020225152846361526,1085.9850316048246
0.00020238795551546308,1087.749322182339
0.0002025243825673109,1089.5593197833941
0.00020266080961915873,1091.4166366647446
0.00020279723667100655,1093.3229615644584
0.00020293366372285438,1095.280064274407
0.0002030700907747022,1097.289800533619
0.00020320651782655002,1099.3541172699433
0.00020334294487839785,1101.475058219055
0.00020347937193024567,1103.6547699483904
0.0002036157989820935,1105.8955083103585
0.00020375222603394132,1108.199645377301
0.00020385326210885997,1109.9483856043291
0.00020395429818377862,1111.7343240073785
0.00020405533425869727,1113.558561967342
0.00020415637033361592,1115.4222443204767
0.00020425740640853457,1117.32656145791
0.00020435844248345322,1119.2727515634244
0.00020445947855837187,1121.2621029500078
0.00020456051463329052,1123.2959565318308
0.00020466155070820918,1125.375708416341
0.00020476258678312783,1127.5028126319069
0.00020486362285804648,1129.678784019914
0.00020496465893296513,1131.9052012948227
0.00020506569500788378,1134.1837102525985
0.00020516673108280243,1136.5160271317407
0.00020526776715772108,1138.9039421649625
0.00020534227392143833,1140.7015617140028
0.00020541678068515559,1142.531206963859
0.00020549128744887284,1144.3936803264885
0.0002055657942125901,1146.2898101789965
0.00020564030097630734,1148.220451831178
0.0002057148077400246,1150.1864885281934
0.00020578931450374185,1152.1888324810163
0.0002058638212674591,1154.2284259283736
0.00020593832803117635,1156.306242235663
0.0002060128347948936,1158.423287031431
0.00020608734155861086,1160.5805993786748
0.0002061618483223281,1162.779252979043
0.00020623635508604536,1165.0203574098468
0.0002063108618497626,1167.3050593938322
0.00020638536861347987,1169.6345441002138
0.00020645987537719712,1172.0100364742714
0.00020653438214091437,1174.4328025924528
0.00020660888890463162,1176.904151039809
0.00020668339566834887,1179.4254343059404
0.00020675790243206613,1181.998050194507
0.00020683240919578338,1184.62344324011
0.00020690691595950063,1187.3031061252282
0.00020698142272321788,1190.0385810887078
0.00020705592948693513,1192.8314613158523
0.0002071304362506524,1195.6833922983765
0.00020720494301436964,1198.5960731504435
0.0002072794497780869,1201.571257865257
0.00020735395654180414,1204.6107564910612
0.0002074284633055214,1207.7164362106687
0.00020750297006923865,1210.8902222951087
0.0002075774768329559,1214.1340989048992
0.00020765198359667315,1217.4501097057384
0.0002077264903603904,1220.8403582655028
0.00020780099712410766,1224.3070081844805
0.0002078755038878249,1227.8522829229014
0.00020795001065154216,1231.478465255771
0.00020802451741525941,1235.18789631659
0.00020809902417897667,1238.9829741356518
0.00020817353094269392,1242.8661516205368
0.00020824803770641117,1246.8399338999425
0.00020832254447012842,1250.906874915296
0.00020839705123384567,1255.0695731543985
0.00020845225192709,1258.2169460063346
0.00020850745262033433,1261.4194125940421
0.00020856265331357866,1264.6780660050265
0.000208617854006823,1267.9940058555994
0.00020867305470006732,1271.3683362080058
0.00020872825539331165,1274.8021632026625
0.00020878345608655598,1278.2965924255852
0.0002088386567798003,1281.852726007953
0.00020889385747304464,1285.4716594203232
0.00020894905816628897,1289.1544779125124
0.0002090042588595333,1292.9022525753976
0.000209043821986038,1295.6288844464639
0.0002090833851125427,1298.3898046434854
0.0002091229482390474,1301.1853865579865
0.0002091625113655521,1304.0159955290578
0.0002092020744920568,1306.8819877709716
0.0002092416376185615,1309.7837092294792
0.0002092812007450662,1312.7214943810638
0.0002093207638715709,1315.6956649767926
0.0002093603269980756,1318.7065287232047
0.0002093998901245803,1321.7543778954796
0.000209439453251085,1324.83948788445
0.0002094790163775897,1327.9621156808555
0.0002095185795040944,1331.1224982983813
0.0002095581426305991,1334.3208511358284
0.0002095977057571038,1337.5573662797449
0.0002096372688836085,1340.832210750535
0.0002096768320101132,1344.1455246960813
0.0002097163951366179,1347.497419537349
0.0002097559582631226,1350.8879760709829
0.0002097955213896273,1354.317242534839
0.000209835084516132,1357.7852326435225
0.0002098746476426367,1361.2919236020982
0.0002099142107691414,1364.8372541071715
0.0002099537738956461,1368.4211223455943
0.0002099933370221508,1372.0433840021733
0.0002100329001486555,1375.7038502889154
0.0002100724632751602,1379.4022860095245
0.0002101120264016649,1383.1384076739992
0.0002101515895281696,1386.911881679282
0.0002101911526546743,1390.722322571993
0.000210230715781179,1394.5692914160945
0.0002102702789076837,1398.4522942748265
0.0002103098420341884,1402.370780834064
0.0002103494051606931,1406.3241431858812
0.0002103889682871978,1410.311714792701
0.0002104285314137025,1414.3327696502986
0.0002104680945402072,1418.3865216728345
0.0002105076576667119,1422.4721243166919
0.0002105472207932166,1426.588670469004
0.0002105867839197213,1430.7351926084232
0.000210626347046226,1434.910663269412
0.0002106659101727307,1439.1139958171398
0.0002107054732992354,1443.3440455365858
0.0002107450364257401,1447.5996110649448
0.0002107845995522448,1451.8794361647867
0.0002108241626787495,1456.1822118479017
0.0002108637258052542,1460.5065788416598
0.0002109032889317589,1464.8511304067877
0.0002109428520582636,1469.214415482226
0.00021097182773035592,1472.4210694197316
0.00021100080340244823,1475.636373580179
0.00021102977907454053,1478.8597192879774
0.00021105875474663284,1482.0904889438002
0.00021108773041872514,1485.3280569678511
0.00021111670609081745,1488.5717907792603
0.00021114568176290976,1491.8210518082783
0.00021117465743500206,1495.0751965209693
0.00021120363310709437,1498.3335774795642
0.00021123260877918667,1501.5955444301242
0.00021126158445127898,1504.8604453989676
0.0002112905601233713,1508.1276277949923
0.0002113195357954636,1511.396439528803
0.0002113485114675559,1514.6662301245883
0.0002113774871396482,1517.936351839811
0.0002114064628117405,1521.2061607624214
0.00021143543848383282,1524.475017892051
0.00021146441415592512,1527.7422902191954
0.00021149338982801743,1531.0073517718517
0.00021152236550010974,1534.2695846289882
0.00021155134117220204,1537.528379906042
0.00021158031684429435,1540.7831386955402
0.00021160929251638666,1544.0332729729953
0.00021163826818847896,1547.278206459845
0.00021166724386057127,1550.517375433504
0.00021169621953266357,1553.7502294832555
0.00021172519520475588,1556.9762322134418
0.00021175417087684819,1560.1948618915924
0.0002117831465489405,1563.4056120373502
0.0002118121222210328,1566.607991950341
0.0002118410978931251,1569.8015271770948
0.0002118700735652174,1572.9857599168524
0.00021189904923730972,1576.1602493655498
0.00021192802490940202,1579.3245719979152
0.00021195700058149433,1582.4783217885545
0.00021198597625358664,1585.621110373207
0.00021201495192567894,1588.752567151403
0.00021204392759777125,1591.87233933207
0.00021207290326986355,1594.9800919241286
0.00021210187894195586,1598.0755076743974
0.00021213085461404817,1601.1582869552653
0.00021215983028614047,1604.228147604767
0.00021218880595823278,1607.2848247219458
0.00021221778163032508,1610.328070420552
0.0002122467573024174,1613.3576535441953
0.0002122757329745097,1616.373359346132
0.000212304708646602,1619.37498913693
0.0002123336843186943,1622.3623599032987
0.00021236265999078662,1625.3353039013473
0.00021239163566287892,1628.2936682274842
0.00021242061133497123,1631.2373143701197
0.00021244958700706353,1634.166117745261
0.00021247856267915584,1637.0799672189876
0.00021250753835124815,1639.97876461967
0.00021253651402334045,1642.8624242426677
0.00021256548969543276,1645.730872350093
0.00021259446536752506,1648.5840466680916
0.00021262344103961737,1651.421895883904
0.00021265241671170968,1654.2443791448304
0.00021268139238380198,1657.0514655610327
0.0002127103680558943,1659.8431337139511
0.0002127393437279866,1662.6193711719357
0.0002127683194000789,1665.380174014527
0.0002127972950721712,1668.125546366656
0.00021282627074426351,1670.855499943873
0.00021285524641635582,1673.5700536095628
0.00021288422208844813,1676.2692329449576
0.00021291319776054043,1678.953069832614
0.00021294217343263274,1681.6216020538961
0.00021297114910472504,1684.2748729008813
0.00021300012477681735,1686.912930802984
0.00021302910044890966,1689.5358289685028
0.00021305807612100196,1692.1436250411803
0.00021308705179309427,1694.7363807717945
0.00021311602746518658,1697.3141617047108
0.00021314500313727888,1699.877036879255
0.0002131739788093712,1702.4250785457075
0.00021321764516331183,1706.2371246872242
0.00021326131151725247,1710.015923209804
0.0002133049778711931,1713.761754717157
0.00021334864422513375,1717.474910119363
0.0002133923105790744,1721.1556890970667
0.00021343597693301503,1724.8043986842922
0.00021347964328695567,1728.4213519716216
0.0002135233096408963,1732.0068669381621
0.00021356697599483695,1735.5612654054232
0.00021361064234877759,1739.0848720969311
0.00021365430870271823,1742.5780137912832
0.00021369797505665886,1746.0410185629635
0.0002137416414105995,1749.474215106603
0.00021378530776454014,1752.8779321380437
0.00021382897411848078,1756.2524978642004
0.00021387264047242142,1759.5982395146734
0.00021391630682636206,1762.915482929594
0.0002139599731803027,1766.2045521988457
0.00021400363953424334,1769.4657693477498
0.00021404730588818398,1772.6994540643577
0.00021409097224212462,1775.9059234639385
0.00021413463859606526,1779.085491886814
0.0002141783049500059,1782.2384707260985
0.00021422197130394654,1785.3651682821535
0.00021426563765788718,1788.4658896407914
0.00021430930401182782,1791.5409365725454
0.00021435297036576846,1794.5906074506172
0.0002143966367197091,1797.6151971853778
0.00021444030307364974,1800.614997173508
0.00021448396942759038,1803.5902952600352
0.00021452763578153102,1806.5413757117105
0.00021457130213547166,1809.4685192003492
0.0002146149684894123,1812.372002794909
0.00021465863484335294,1815.2520999612143
0.00021470230119729358,1818.1090805683505
0.00021474596755123422,1820.9432109008617
0.00021478963390517486,1823.754753675997
0.0002148333002591155,1826.5439680653228
0.00021487696661305614,1829.311109720101
0.00021492063296699678,1832.0564307999116
0.00021496429932093742,1834.7801800040509
0.00021500796567487806,1837.482602605296
0.0002150516320288187,1840.1639404856664
0.00021509529838275934,1842.8244321738694
0.00021513896473669998,1845.4643128841503
0.00021518263109064062,1848.0838145562989
0.00021522629744458126,1850.6831658965857
0.0002152699637985219,1853.2625924194438
0.00021533546711376876,1857.095078891826
0.00021540097042901563,1860.8839665435453
0.0002154664737442625,1864.6299775114883
0.00021553197705950937,1868.333818860807
0.00021559748037475624,1871.9961829120323
0.0002156629836900031,1875.6177475613974
0.00021572848700524998,1879.1991766043311
0.00021579399032049684,1882.7411200553006
0.0002158594936357437,1886.2442144755753
0.00021592499695099058,1889.7090832856159
0.00021599050026623745,1893.1363370624442
0.00021605600358148432,1896.5265738419769
0.00021612150689673119,1899.8803794217165
0.00021618701021197805,1903.1983276524231
0.0002162338556981432,1905.5495192197022
0.00021628070118430835,1907.8828611219424
0.0002163275466704735,1910.198552479138
0.00021637439215663865,1912.4967895348677
0.0002164212376428038,1914.7777657053462
0.00021646808312896895,1917.0416716268812
0.0002165149286151341,1919.288695203382
0.00021656177410129924,1921.5190216539002
0.0002166086195874644,1923.7328335589511
0.00021665546507362954,1925.9303109052596
0.0002167023105597947,1928.1116311297558
0.00021674915604595984,1930.2769691633157
0.000216796001532125,1932.4264974737819
0.00021684284701829014,1934.5603861078055
0.00021688969250445529,1936.6788027317632
0.00021693653799062043,1938.7819126721417
0.00021698338347678558,1940.869878955308
0.00021705395412971852,1943.987071739086
0.00021712452478265146,1947.070801811253
0.0002171950954355844,1950.121598143341
0.00021726566608851734,1953.1399788254041
0.00021733623674145028,1956.1264513376454
0.00021740680739438322,1959.0815128149218
0.00021747737804731615,1962.005650304393
0.0002175479487002491,1964.899341014919
0.00021761851935318203,1967.7630525598754
0.00021768909000611497,1970.5972431917996
0.0002177596606590479,1973.4023620313171
0.00021783023131198085,1976.1788492886262
0.00021790080196491379,1978.92713648086
0.00021795296576420647,1980.9407137800786
0.00021800512956349915,1982.9392825274974
0.00021805729336279184,1984.9230082252468
0.00021810945716208452,1986.8920539902747
0.0002181616209613772,1988.8465805971875
0.0002182137847606699,1990.786746518566
0.00021826594855996258,1992.7127079657735
0.00021831811235925526,1994.6246189271353
0.00021837027615854795,1996.5226312072275
0.00021842243995784063,1998.4068944658025
0.00021847460375713331,2000.2775562543654
0.000218526767556426,2002.1347620520057
0.00021857893135571868,2003.9786553013976
0.00021863109515501137,2005.8093774427753
0.00021868325895430405,2007.6270679492811
0.00021873542275359674,2009.4318643606841
0.00021878758655288942,2011.2239023152642
0.0002188397503521821,2013.0033155818905
0.0002188919141514748,2014.7702360920273
0.00021894407795076747,2016.5247939706098
0.00021899624175006016,2018.2671175660043
0.00021904840554935284,2019.997333479982
0.00021910056934864553,2021.715566597034
0.0002191527331479382,2023.4219401123087
0.0002192048969472309,2025.1165755592453
0.00021924318208127973,2026.3529380428758
0.00021928146721532856,2027.5830890651105
0.0002193197523493774,2028.8070750157613
0.00021935803748342623,2030.0249418296526
0.00021939632261747506,2031.2367349924805
0.0002194346077515239,2032.4424995457764
0.00021947289288557273,2033.6422800918995
0.00021951117801962157,2034.8361207995204
0.0002195494631536704,2036.02406540904
0.00021958774828771923,2037.2061572375592
0.00021962603342176807,2038.3824391837127
0.0002196643185558169,2039.5529537326754
0.00021970260368986573,2040.7177429611882
0.00021974088882391457,2041.876848542361
0.0002197791739579634,2043.030311750326
0.0002198388202594442,2044.8162026706211
0.000219898466560925,2046.5886502101237
0.00021995811286240578,2048.347804820419
0.00022001775916388657,2050.0938147395186
0.00022011316813191358,2052.859729726234
0.0002202085770999406,2055.5929716074197
0.0002203039860679676,2058.294113301264
0.0002203993950359946,2060.9637145437687
0.00022049480400402162,2063.602322273536
0.00022059021297204863,2066.210470977438
0.00022068562194007564,2068.7886830278103
0.00022078103090810266,2071.337469016586
0.00022087643987612967,2073.8573280850223
0.00022097184884415668,2076.3487482350424
0.0002210672578121837,2078.812206640445
0.0002211626667802107,2081.2481699388986
0.0002212580757482377,2083.657094517069
0.00022135348471626472,2086.0394267861434
0.00022144889368429173,2088.3956034472903
0.00022154430265231874,2090.7260517527334
0.00022163971162034575,2093.0311897623988
0.00022173512058837276,2095.3114265787763
0.00022183052955639977,2097.567162586584
0.00022192593852442678,2099.7987896800414
0.0002220213474924538,2102.0066914854715
0.0002221167564604808,2104.1912435707413
0.0002222121654285078,2106.352813660063
0.00022230757439653482,2108.4917618330296
0.00022240298336456183,2110.608440721055
0.00022249839233258884,2112.703195692974
0.00022259380130061585,2114.7763650396914
0.00022268921026864287,2116.8282801600008
0.00022278461923666988,2118.859265727523
0.00022288002820469689,2120.869639857697
0.0002229754371727239,2122.859714272702
0.0002230708461407509,2124.8297944612373
0.00022316625510877792,2126.7801798315586
0.00022326166407680493,2128.711163859272
0.00022335707304483194,2130.623034232971
0.00022345248201285895,2132.5160729952318
0.00022354789098088596,2134.390556679063
0.00022364329994891297,2136.246756439759
0.00022373870891693998,2138.0849381867515
0.000223834117884967,2139.9053627086987
0.000223929526852994,2141.708285790453
0.000224024935821021,2143.4939583344235
0.00022412034478904802,2145.2626264771907
0.00022421575375707503,2147.0145317008078
0.00022431116272510204,2148.749910940716
0.00022440657169312905,2150.4689966913484
0.00022450198066115606,2152.172017109295
0.00022459738962918308,2153.8591961135176
0.00022469279859721009,2155.5307534826284
0.0002247882075652371,2157.186904949468
0.0002248836165332641,2158.827862293197
0.0002250499937772292,2161.6536851944543
0.00022521637102119427,2164.43500923378
0.00022538274826515935,2167.172876017562
0.00022554912550912443,2169.868294875898
0.00022571550275308952,2172.522244235189
0.0002258818799970546,2175.1356727172238
0.00022604825724101968,2177.7095001503276
0.00022621463448498476,2180.24461862861
0.00022638101172894984,2182.7418935986393
0.00022654738897291492,2185.202164879665
0.00022671376621688,2187.626247590801
0.0002268801434608451,2190.014933023316
0.00022699388011719946,2191.627881820929
0.00022710761677355383,2193.224887787166
0.0002272213534299082,2194.806185672419
0.00022730055024477435,2195.898116282012
0.0002273584814316814,2196.692137508345
0.00022741641261858845,2197.482213774313
0.0002274743438054955,2198.2683743422917
0.00022751710324018577,2198.846150463173
0.00022755986267487604,2199.4218206426212
0.00022760262210956632,2199.9953963470075
0.0002276453815442566,2200.566888959194
0.00022768814097894687,2201.136309779653
0.00022773090041363714,2201.7036700267645
0.00022777365984832742,2202.2689808379514
0.0002278164192830177,2202.8322532702136
0.00022785917871770797,2203.393498300692
0.00022790193815239824,2203.952726827697
0.00022794469758708852,2204.509949670998
0.0002279874570217788,2205.0651775732085
0.00022803021645646907,2205.61842120014
0.00022807297589115934,2206.169691141193
0.00022811573532584962,2206.7189979103214
0.0002281584947605399,2207.2663519464886
0.00022820125419523017,2207.811763614585
0.00022824401362992044,2208.3552432059178
0.00022828677306461071,2208.896800939213
0.000228329532499301,2209.4364469608236
0.00022837229193399126,2209.974191345628
0.00022841505136868154,2210.510044097485
0.00022845781080337181,2211.0440151498437
0.0002285005702380621,2211.5761143664054
0.00022854332967275236,2212.1063515417527
0.00022858608910744264,2212.6347364020403
0.00022862884854213291,2213.161278605513
0.0002286716079768232,2213.685987743304
0.00022871436741151346,2214.208873339341
0.00022875712684620374,2214.729944851717
0.00022879988628089401,2215.249211673152
0.0002288426457155843,2215.766683130867
0.00022887370129374206,2216.1413951847867
0.00022890475687189983,2216.5151686150825
0.0002289358124500576,2216.888006931607
0.00022896686802821538,2217.2599136266376
0.00022899792360637315,2217.6308921751292
0.00022902897918453092,2218.000946034694
0.0002290600347626887,2218.37007864564
0.00022909109034084646,2218.7382934311554
0.00022912214591900424,2219.1055937974506
0.000229153201497162,2219.4719831338207
0.00022918425707531978,2219.837464812729
0.00022921531265347755,2220.202042189934
0.00022924636823163532,2220.5657186046037
0.0002292980652598836,2221.169127532809
0.0002293497622881319,2221.770064232901
0.00022940145931638019,2222.368543806873
0.00022945315634462847,2222.964581233342
0.00022954079574957168,2223.969476397097
0.00022962843515451488,2224.967467370559
0.0002297160745594581,2225.958624760816
0.00022985290432052881,2227.4926018758315
0.00022998973408159954,2229.0103513996223
0.00023012656384267027,2230.51212828321
0.000230263393603741,2231.9981821396614
0.00023040022336481172,2233.468757393869
0.00023063205987995617,2235.925755310194
0.00023086389639510063,2238.340134386549
0.0002310957329102451,2240.7129878578075
0.00023132756942538955,2243.0453716660318
0.000231559405940534,2245.3383060131273
0.00023179124245567846,2247.592776868391
0.00023202307897082292,2249.8097374110134
0.00023225491548596738,2251.9901093882145
0.00023248675200111184,2254.134784390745
0.0002327185885162563,2256.244625071585
0.00023295042503140075,2258.320466313911
0.0002331822615465452,2260.3631163420187
0.00023341409806168967,2262.37335777905
0.00023358050202211623,2263.7966824023742
0.00023369941784497818,2264.8039824616444
0.00023381833366784013,2265.803192653223
0.00023393724949070208,2266.79440904407
0.00023405616531356404,2267.777726174457
0.000234175081136426,2268.7532370881045
0.00023429399695928794,2269.721033360804
0.0002344129127821499,2270.681205129453
0.00023453182860501184,2271.6338411207903
0.0002346507444278738,2272.5790286789384
0.00023476966025073575,2273.516853792291
0.0002348885760735977,2274.4474011193734
0.00023500749189645965,2275.370754014466
0.0002351264077193216,2276.286994552099
0.00023524532354218355,2277.196203552903
0.00023533186816277602,2277.8535328229273
0.00023541841278336848,2278.507210196228
0.00023550495740396095,2279.157265615964
0.0002355915020245534,2279.8037286958393
0.00023567804664514588,2280.4466287248288
0.00023576459126573834,2281.085994671602
0.0002358511358863308,2281.721855188735
0.00023598698570217262,2282.712968766168
0.00023612283551801443,2283.695622855228
0.00023625868533385625,2284.669923719098
0.00023639453514969806,2285.635975831674
0.00023653038496553987,2286.5938819170633
0.0002367416748906935,2288.0677821512727
0.0002369529648158471,2289.522592895007
0.00023716425474100072,2290.958676623134
0.00023737554466615434,2292.376386608913
0.00023758683459130795,2293.7760672254385
0.00023779812451646157,2295.1580542156676
0.00023800941444161519,2296.52267495347
0.0002382207043667688,2297.870248702312
0.00023843199429192242,2299.201086867097
0.00023864328421707603,2300.515493237102
0.00023885457414222965,2301.8137642186525
0.00023906586406738327,2303.096189055576
0.00023927715399253688,2304.3630500484355
0.0002394884439176905,2305.6146227616778
0.00023969973384284411,2306.851176221827
0.0002398470238757822,2307.7044323130895
0.00023999431390872027,2308.5506048187503
0.00024014160394165835,2309.3897795292014
0.00024028889397459643,2310.2220408350795
0.0002404361840075345,2311.047471758075
0.00024053533895281707,2311.599342120694
0.00024063449389809962,2312.148178637694
0.00024073364884338218,2312.6940056287845
0.00024083280378866474,2313.2368471510686
0.0002409319587339473,2313.776727002204
0.00024103111367922985,2314.3136687248875
0.0002411302686245124,2314.847695609861
0.00024122942356979497,2315.378830700093
0.0002412984375184763,2315.746817276018
0.0002413674514671576,2316.1134216014334
0.00024143646541583894,2316.4786512379
0.00024150547936452026,2316.842513691354
0.00024157449331320158,2317.205016412303
0.0002416435072618829,2317.566166796889
0.00024171252121056423,2317.925972186707
0.00024178153515924555,2318.2844398697794
0.00024185054910792688,2318.6415770809826
0.0002419195630566082,2318.9973910025938
0.00024203292504623318,2319.578996044045
0.00024214628703585816,2320.157081208004
0.00024225964902548314,2320.73167742042
0.00024237301101510812,2321.3028152417464
0.0002424863730047331,2321.8705248726733
0.00024259973499435807,2322.434836158998
0.00024271309698398305,2322.9957785971806
0.00024282645897360803,2323.553381338827
0.000242939820963233,2324.107673196083
0.000243053182952858,2324.658682646672
0.00024316654494248297,2325.2064378388586
0.00024327990693210795,2325.7509665960347
0.00024339326892173292,2326.29229642144
0.0002435066309113579,2326.8304545025444
0.00024361999290098288,2327.3654677161135
0.00024373335489060786,2327.897362632107
0.00024384671688023284,2328.4261655183122
0.00024396007886985782,2328.9519023447674
0.0002440734408594828,2329.474598787895
0.00024418680284910775,2329.9942802348837
0.0002443001648387327,2330.5109717872215
0.00024441352682835765,2331.024698265084
0.0002445268888179826,2331.535484211206
0.00024464025080760755,2332.043353894875
0.0002447536127972325,2332.5483313157233
0.00024486697478685746,2333.050440207422
0.00024503733826256654,2333.7996798295703
0.0002452077017382756,2334.542572430495
0.0002453780652139847,2335.2791952863536
0.00024554842868969377,2336.0096244085566
0.0002458088603762924,2337.114417258926
0.000246069292062891,2338.2051722599304
0.0002463297237494896,2339.2821446315343
0.0002465901554360882,2340.345583369551
0.0002468505871226868,2341.3957314419713
0.0002471110188092854,2342.432825965433
0.000247371450495884,2343.45709837626
0.0002476318821824826,2344.4687745998226
0.0002478923138690812,2345.468075215839
0.0002481527455556798,2346.4552156176105
0.0002484131772422784,2347.4304061647035
0.00024867360892887703,2348.393852330025
0.00024893404061547564,2349.3457548416454
0.00024919447230207424,2350.2863098200914
0.00024945490398867285,2351.2157089106286
0.00024971533567527145,2352.1341394114424
0.00024997576736187006,2353.0417843967657
0.00025023619904846866,2353.938822837112
0.00025049663073506727,2354.825429712207
0.00025075706242166587,2355.7017761257184
0.0002510174941082645,2356.568029411564
0.0002512779257948631,2357.4243532362943
0.0002515383574814617,2358.270907700852
0.0002517987891680603,2359.1078494403923
0.0002520592208546589,2359.935331715791
0.0002523196525412575,2360.753504505517
0.0002524945266692189,2361.297738643922
0.0002526146138563818,2361.669097835598
0.00025273470104354473,2362.0385434378363
0.00025285478823070765,2362.4060892801167
0.00025297487541787057,2362.77174905661
0.0002530949626050335,2363.1355363281828
0.0002532150497921964,2363.497464524514
0.0002533351369793593,2363.8575469454986
0.00025345522416652224,2364.2157967631924
0.00025357531135368515,2364.572227022523
0.00025365694892338686,2364.8135027904586
0.0002537138529009296,2364.9811879811377
0.00025377075687847234,2365.1484708251705
0.0002538276608560151,2365.3153526725455
0.0002539207937151406,2365.587620968797
0.0002540139265742661,2365.8588245777546
0.0002541070594333916,2366.1289693125896
0.0002542001922925171,2366.3980609439404
0.0002542933251516426,2366.6661051997817
0.0002543864580107681,2366.9331077664237
0.0002544795908698936,2367.1990742884664
0.0002545727237290191,2367.4640103692695
0.0002546658565881446,2367.727921571237
0.0002547589894472701,2367.9908134164702
0.0002548521223063956,2368.2526913867478
0.0002549452551655211,2368.513560924436
0.0002550383880246466,2368.7734274324657
0.0002551315208837721,2369.0322962747496
0.0002552246537428976,2369.290172776407
0.0002553177866020231,2369.547062224443
0.0002554109194611486,2369.8029698676246
0.00025550405232027413,2370.0579009174944
0.00025559718517939963,2370.311860548241
0.00025569031803852514,2370.5648538970977
0.00025578345089765064,2370.816886064552
0.00025587658375677614,2371.067962114921
0.00025596971661590164,2371.318087076574
0.00025606284947502715,2371.5672659422953
0.00025615598233415265,2371.815503669578
0.00025624911519327815,2372.062805180912
0.00025638927436027586,2372.4332246644713
0.00025652943352727357,2372.8015513269593
0.00025666959269427127,2373.167801519474
0.000256809751861269,2373.5319914163147
0.00025705786539929675,2374.171687542056
0.00025730597893732453,2374.8050647935556
0.0002575540924753523,2375.432209162328
0.0002578022060133801,2376.053204961112
0.00025805031955140786,2376.668134905131
0.00025829843308943564,2377.2770802279238
0.0002585465466274634,2377.8801207363717
0.0002587946601654912,2378.477334825943
0.00025904277370351897,2379.0687994951304
0.00025942659975963236,2379.9726310768333
0.00025981042581574575,2380.8631578682243
0.00026019425187185914,2381.7406461969285
0.00026057807792797253,2382.605355267703
0.0002609619039840859,2383.4575374102096
0.0002613457300401993,2384.2974382998686
0.0002617295560963127,2385.125297171511
0.0002621133821524261,2385.941347030818
0.0002624972082085395,2386.7458148604305
0.0002628810342646529,2387.538921817355
0.00026326486032076627,2388.3208834215493
0.00026364868637687966,2389.0919097365445
0.00026403251243299305,2389.8522055434823
0.00026441633848910644,2390.601970508426
0.00026480016454521983,2391.341399343805
0.0002651839906013332,2392.0706819631414
0.0002655678166574466,2392.790003630787
0.00026595164271356,2393.4995451057666
0.0002663354687696734,2394.199482777464
0.0002667192948257868,2394.889988802609
0.0002671031208819002,2395.57123123347
0.00026748694693801356,2396.2433741378545
0.00026787077299412695,2396.9065777204282
0.00026825459905024035,2397.5609984396024
0.00026863842510635374,2398.2067891167576
0.0002690222511624671,2398.844099041271
0.0002692777079961757,2399.2636344299203
0.00026944936443070046,2399.543492060912
0.00026962102086522524,2399.82171435772
0.00026979267729975,2400.098313827647
0.0002699643337342748,2400.3733028501565
0.00027013599016879956,2400.6466936788916
0.00027030764660332434,2400.9184984437998
0.0002704793030378491,2401.188729152435
0.0002706509594723739,2401.4573976918923
0.00027082261590689866,2401.7245158295473
0.0002709389510566061,2401.904671861104
0.00027101851086092424,2402.0274726866855
0.0002710980706652424,2402.1499457904647
0.0002711776304695605,2402.2720923108063
0.00027125719027387864,2402.3939133807994
0.00027133675007819677,2402.5154101283206
0.0002714932958175132,2402.7535304527746
0.00027164984155682965,2402.9904079445528
0.0002718063872961461,2403.226051026917
0.0002719629330354625,2403.460468045342
0.00027225236261604825,2403.8906688734824
0.000272541792196634,2404.3167584883577
0.0002728312217772197,2404.7387877034084
0.00027312065135780543,2405.156806443353
0.00027341008093839116,2405.5708637821526
0.0002736995105189769,2405.981008005485
0.0002739889400995626,2406.3872866405063
0.0002744392751636098,2407.0118553201614
0.000274889610227657,2407.627351261397
0.00027533994529170417,2408.233942833537
0.00027579028035575135,2408.8317942933418
0.00027624061541979853,2409.421065923956
0.0002766909504838457,2410.0019141569846
0.0002771412855478929,2410.5744916865146
0.0002775916206119401,2411.138947580553
0.00027804195567598727,2411.695427390238
0.00027849229074003445,2412.24407325559
0.00027894262580408164,2412.785024007256
0.0002793929608681288,2413.3184152642757
0.000279843295932176,2413.8443795282965
0.0002802936309962232,2414.3630462744577
0.0002807439660602704,2414.8745420391624
0.00028119430112431756,2415.3789905047547
0.00028164463618836474,2415.8765125812934
0.0002820949712524119,2416.3672264854235
0.0002825453063164591,2416.851247816606
0.0002829956413805063,2417.3286896306504
0.0002834459764445535,2417.7996625108617
0.00028389631150860066,2418.2642746366437
0.00028434664657264784,2418.7226318499725
0.00028479698163669503,2419.1748377197514
0.0002852473167007422,2419.6209936026585
0.0002856976517647894,2420.061198704823
0.0002861479868288366,2420.495550139174
0.00028659832189288376,2420.9241429810163
0.00028704865695693095,2421.347070322807
0.00028749899202097813,2421.764423326505
0.0002879493270850253,2422.1762912747613
0.0002883996621490725,2422.582761619918
0.0002888499972131197,2422.9839200308857
0.00028930033227716687,2423.3798504404294
0.00028975066734121405,2423.7706350900976
0.00029020100240526123,2424.156354571892
0.00029051168490381397,2424.4195480549715
0.0002908223674023667,2424.680393891221
0.00029113304990091945,2424.938917232788
0.0002914437323994722,2425.195142888334
0.0002917544148980249,2425.449095329305
0.00029223347720829066,2425.836282414596
0.0002927125395185564,2426.218208874563
0.0002931916018288221,2426.5949599153478
0.00029367066413908785,2426.9666190014254
0.0002941497264493536,2427.3332679021714
0.0002946287887596193,2427.6949867339376
0.00029545601613199996,2428.3082118835678
0.0002962832435043806,2428.90736360733
0.00029711047087676125,2429.49282175514
0.0002979376982491419,2430.064953394977
0.00029876492562152255,2430.6241134130805
0.0002995921529939032,2431.1706449892395
0.00030041938036628384,2431.704880032738
0.0003012466077386645,2432.2271396436367
0.00030207383511104513,2432.73773458011
0.0003029010624834258,2433.236965690691
0.0003037282898558064,2433.7251243043775
0.00030455551722818707,2434.202492599039
0.0003053827446005677,2434.669343960947
0.00030620997197294836,2435.12594333271
0.000307037199345329,2435.572547541438
0.00030786442671770965,2436.00940560836
0.0003086916540900903,2436.4367590426855
0.00030951888146247094,2436.85484212531
0.0003103461088348516,2437.263882177959
0.00031094081082218706,2437.552481518035
0.00031136173507931465,2437.754037263212
0.0003116663375600319,2437.898509577852
0.00031197094004074914,2438.041831691321
0.0003122755425214664,2438.184013899406
0.0003125801450021836,2438.325066387314
0.00031288474748290086,2438.4649992315103
0.0003131893499636181,2438.603822400667
0.00031340721444247027,2438.7024393559122
0.00031356188255069167,2438.7721107666152
0.00031367486949498876,2438.8228292198764
0.00031378785643928586,2438.8733984834626
0.00031390084338358296,2438.923819048683
0.00031401383032788005,2438.974091404878
0.00031412681727217715,2439.024216039517
0.00031423980421647424,2439.074193438085
0.00031435279116077134,2439.1240240842867
0.00031446577810506843,2439.173708459799
0.00031457876504936553,2439.2232470446143
0.0003146597740549053,2439.2586755852303
0.00031471785640579454,2439.2840314837795
0.00031477593875668376,2439.30934913679
0.000314834021107573,2439.334628608699
0.0003148921034584622,2439.3598699637882
0.00031495018580935145,2439.3850732662345
0.0003150082681602407,2439.4102385800666
0.0003150663505111299,2439.4353659692224
0.00031512443286201914,2439.460455497475
0.00031518251521290837,2439.485507228515
0.0003152405975637976,2439.5105212258363
0.0003152986799146868,2439.5354975528858
0.00031535676226557605,2439.5604362728864
0.0003154148446164653,2439.5853374490694
0.0003154729269673545,2439.6102011443704
0.00031551477107658065,2439.628090436068
0.00031554524566846146,2439.6411067963027
0.00031557572026034227,2439.6541128773233
0.0003156061948522231,2439.6671086881997
0.0003156366694441039,2439.680094237975
0.0003156671440359847,2439.6930695356673
0.00031571661294092616,2439.71411031831
0.00031576608184586763,2439.735124148521
0.0003158155507508091,2439.756111064769
0.0003158650196557506,2439.777071105456
0.00031591448856069205,2439.7980043089187
0.00031604662886012007,2439.8537893459193
0.0003163032708112485,2439.961591037264
0.00031655991276237697,2440.068679467611
0.0003168165547135054,2440.175059886644
0.00031707319666463387,2440.280737496495
0.0003173298386157623,2440.385717452975
0.0003179047172012418,2440.618367229165
0.00031847959578672127,2440.847598597422
0.00031905447437220074,2441.073467234157
0.0003196293529576802,2441.296027671136
0.0003202042315431597,2441.515333328746
0.00032077911012863916,2441.7314366155647
0.00032135398871411863,2441.944388981683
0.0003219288672995981,2442.1542409303174
0.0003228362784724451,2442.479290344858
0.0003237436896452921,2442.7969286162506
0.00032465110081813907,2443.1073404585895
0.00032555851199098605,2443.4107052603285
0.00032646592316383304,2443.707197282647
0.00032737333433668003,2443.996985834467
0.000328280745509527,2444.280235437164
0.000329188156682374,2444.5571059856247
0.000330095567855221,2444.8277529053807
0.00033157016544833,2445.254683603666
0.00033264660159289385,2445.556570608298
0.0003337230377374577,2445.850478835792
0.00033479947388202156,2446.13663466006
0.0003358759100265854,2446.4152572167045
0.00033695234617114926,2446.686558634341
0.0003380287823157131,2446.950744320663
0.00033910521846027697,2447.208013244067
0.0003401816546048408,2447.45855817468
0.00034125809074940467,2447.7025658981565
0.0003423345268939685,2447.9402174261722
0.0003434109630385324,2448.1716882086894
0.00034448739918309623,2448.3971483391692
0.0003455638353276601,2448.616762745401
0.00034664027147222393,2448.8306913689453
0.0003477167076167878,2449.0390893384583
0.00034879314376135164,2449.24210713855
0.0003498695799059155,2449.439890770764
0.00035094601605047934,2449.632581907451
0.0003520224521950432,2449.820318038303
0.00035309888833960705,2450.003232612232
0.0003541753244841709,2450.1814551732027
0.00035525176062873475,2450.355111490404
0.0003563281967732986,2450.5243236834067
0.00035740463291786246,2450.6892103425344
0.0003584810690624263,2450.849886644394
0.00036029687088501836,2451.111694355468
0.0003621126727076104,2451.3623549862677
0.0003639284745302025,2451.6023606547533
0.00036574427635279453,2451.8321802823993
0.0003675600781753866,2452.0522607985367
0.00036937587999797864,2452.2630282851637
0.0003711916818205707,2452.4648890613903
0.00037300748364316275,2452.65823069854
0.0003748232854657548,2452.8434229685968
0.00037663908728834686,2453.0208187369035
0.0003784548891109389,2453.1907548067725
0.000380270690933531,2453.3535527175954
0.00038208649275612303,2453.5095194969044
0.0003839022945787151,2453.658948369222
0.00038571809640130714,2453.802119425801
0.0003875338982238992,2453.939300258363
0.00038934970004649125,2454.0707465587298
0.0003911655018690833,2454.196702686057
0.00039298130369167536,2454.3174022037115
0.0003947971055142674,2454.4330683878625
0.00039661290733685947,2454.543914709606
0.0003984287091594515,2454.650145292141
0.0004002445109820436,2454.7519553444204
0.00040206031280463564,2454.8495315726454
0.0004038761146272277,2454.943052570949
0.00040569191644981975,2455.0326891924706
0.0004075077182724118,2455.1186049019448
0.00040932352009500386,2455.200956110829
0.00041205380382458443,2455.3183993162447
0.000414784087554165,2455.428602215099
0.00041751437128374557,2455.532015889709
0.00042024465501332614,2455.629062758177
0.0004229749387429067,2455.7201384458995
0.0004257052224724873,2455.805613547875
0.00042843550620206785,2455.8858352768098
0.0004311657899316484,2455.96112898899
0.000433896073661229,2456.0317995960245
0.00043662635739080956,2456.098132880476
0.00043935664112039013,2456.1603967278443
0.0004420869248499707,2456.2188422771274
0.0004448172085795513,2456.2737049924895
0.00044754749230913185,2456.325205661903
0.0004502777760387124,2456.3735513297897
0.000453008059768293,2456.4189361687972
0.00045573834349787356,2456.46154229521
0.00045846862722745413,2456.501540530274
0.0004611989109570347,2456.5390911115855
0.00046392919468661527,2456.5743443583724
0.00046665947841619584,2456.607441294216
0.0004693897621457764,2456.6385142300987
0.000472120045875357,2456.6676873086376
0.00047485032960493755,2456.6950770143585
0.0004775806133345181,2456.720792651488
0.0004803108970640987,2456.7449367910654
0.00048304118079367926,2456.7676056897094
0.00048577146452325983,2456.7888896819068
0.0004885017482528403,2456.8088735474807
0.0004912320319824209,2456.8276368558863
0.0004939623157120015,2456.8452542888426
0.0004966925994415821,2456.8617959427143
0.0005008302257017204,2456.884959402545
0.0005049678519618587,2456.9060139028234
0.0005091054782219971,2456.9251517164935
0.0005132431044821354,2456.94254755195
0.0005173807307422738,2456.958360141666
0.0005215183570024121,2456.9727337117406
0.0005256559832625505,2456.9857993280616
0.0005297936095226888,2456.997676106963
0.0005339312357828271,2457.008472302563
0.0005380688620429655,2457.0182862948664
0.0005422064883031038,2457.0272074934196
0.0005463441145632422,2457.0353171601655
0.0005504817408233805,2457.0426891543943
0.0005546193670835189,2457.0493906072575
0.0005587569933436572,2457.0554825348245
0.0005628946196037956,2457.0610203962456
0.0005670322458639339,2457.066054601163
0.0005711698721240722,2457.07063097021
0.0005753074983842106,2457.0747911530357
0.0005794451246443489,2457.078573008244
0.0005835827509044873,2457.0820109488704
0.0005877203771646256,2457.085136256369
0.000591858003424764,2457.0879773658376
0.0005959956296849023,2457.0905601251634
0.0006001332559450406,2457.092908030557
0.000604270882205179,2457.0950424406606
0.000610533394405204,2457.0979096043316
0.0006167959066052291,2457.1003915097294
0.0006230584188052542,2457.1025399404375
0.0006293209310052792,2457.10439972608
0.0006355834432053043,2457.1060096536917
0.0006418459554053293,2457.107403284742
0.0006481084676053544,2457.1086096743556
0.0006543709798053794,2457.109653982061
0.0006606334920054045,2457.1105579885916
0.0006668960042054296,2457.111340544469
0.0006731585164054546,2457.1120179650075
0.0006794210286054797,2457.112604374334
0.0006856835408055047,2457.113112000525
0.0006919460530055298,2457.1135514289053
0.0006982085652055549,2457.113931821819
0.0007044710774055799,2457.114261110201
0.000710733589605605,2457.114546159689
0.00071699610180563,2457.114792913827
0.0007232586140056551,2457.115006517643
0.0007328831826320551,2457.115280210839
0.0007425077512584552,2457.1154994567632
0.0007521323198848552,2457.1156750965624
0.0007617568885112553,2457.1158158208295
0.0007713814571376553,2457.115928574983
0.0007810060257640554,2457.1160189109314
0.0007906305943904554,2457.116091280279
0.0008002551630168555,2457.1161492577367
0.0008098797316432555,2457.1161957088057
0.0008195043002696556,2457.116232925578
0.0008291288688960556,2457.116262742162
0.0008438295645363492,2457.116297236113
0.0008585302601766429,2457.1163217971
0.0008732309558169365,2457.116339298811
0.0008879316514572301,2457.1163517920572
0.0009026323470975237,2457.1163607146564
0.0009173330427378173,2457.116367077502
0.0009320337383781109,2457.1163716085734
0.0009467344340184045,2457.1163748377576
0.0009614351296586981,2457.1163771434262
0.0009761358252989917,2457.116378789865
0.001001799848678379,2457.116380607771
